{
    "localhost": {
        "pruning": "-",
        "s": "50002",
        "t": "50001",
        "version": "1.4"
    },
    "electrumx.widecoin.org": {
        "pruning": "-",
        "s": "50002",
        "t": "50001",
        "version": "1.4"
    },
    "electrumx2.widecoin.org": {
        "pruning": "-",
        "s": "50002",
        "t": "50001",
        "version": "1.4"
    },
    "electrumx3.widecoin.org": {
        "pruning": "-",
        "s": "50002",
        "t": "50001",
        "version": "1.4"
    }
}