{
    "BitFlyer": [
        "JPY"
    ],
    "BitPay": [
        "AED",
        "AFN",
        "ALL",
        "AMD",
        "ANG",
        "AOA",
        "ARS",
        "AUD",
        "AWG",
        "AZN",
        "BAM",
        "BBD",
        "BCH",
        "BDT",
        "BGN",
        "BHD",
        "BIF",
        "BMD",
        "BND",
        "BOB",
        "BRL",
        "BSD",
        "BTC",
        "BTN",
        "BWP",
        "BZD",
        "CAD",
        "CDF",
        "CHF",
        "CLF",
        "CLP",
        "CNY",
        "COP",
        "CRC",
        "CUP",
        "CVE",
        "CZK",
        "DJF",
        "DKK",
        "DOP",
        "DZD",
        "EGP",
        "ETB",
        "EUR",
        "FJD",
        "FKP",
        "GBP",
        "GEL",
        "GHS",
        "GIP",
        "GMD",
        "GNF",
        "GTQ",
        "GYD",
        "HKD",
        "HNL",
        "HRK",
        "HTG",
        "HUF",
        "IDR",
        "ILS",
        "INR",
        "IQD",
        "IRR",
        "ISK",
        "JEP",
        "JMD",
        "JOD",
        "JPY",
        "KES",
        "KGS",
        "KHR",
        "KMF",
        "KPW",
        "KRW",
        "KWD",
        "KYD",
        "KZT",
        "LAK",
        "LBP",
        "LKR",
        "LRD",
        "LSL",
        "LYD",
        "MAD",
        "MDL",
        "MGA",
        "MKD",
        "MMK",
        "MNT",
        "MOP",
        "MRU",
        "MUR",
        "MVR",
        "MWK",
        "MXN",
        "MYR",
        "MZN",
        "NAD",
        "NGN",
        "NIO",
        "NOK",
        "NPR",
        "NZD",
        "OMR",
        "PAB",
        "PAX",
        "PEN",
        "PGK",
        "PHP",
        "PKR",
        "PLN",
        "PYG",
        "QAR",
        "RON",
        "RSD",
        "RUB",
        "RWF",
        "SAR",
        "SBD",
        "SCR",
        "SDG",
        "SEK",
        "SGD",
        "SHP",
        "SLL",
        "SOS",
        "SRD",
        "STN",
        "SVC",
        "SYP",
        "SZL",
        "THB",
        "TJS",
        "TMT",
        "TND",
        "TOP",
        "TRY",
        "TTD",
        "TWD",
        "TZS",
        "UAH",
        "UGX",
        "USD",
        "UYU",
        "UZS",
        "VEF",
        "VES",
        "VND",
        "VUV",
        "WST",
        "XAF",
        "XAG",
        "XAU",
        "XCD",
        "XOF",
        "XPF",
        "YER",
        "ZAR",
        "ZMW",
        "ZWL"
    ],
    "BitStamp": [
        "USD",
        "EUR"
    ],
    "Bitbank": [
        "JPY"
    ],
    "BitcoinAverage": [
        "AED",
        "AFN",
        "ALL",
        "AMD",
        "ANG",
        "AOA",
        "ARS",
        "AUD",
        "AWG",
        "AZN",
        "BAM",
        "BBD",
        "BDT",
        "BGN",
        "BHD",
        "BIF",
        "BMD",
        "BND",
        "BOB",
        "BRL",
        "BSD",
        "BTN",
        "BWP",
        "BYN",
        "BZD",
        "CAD",
        "CDF",
        "CHF",
        "CLF",
        "CLP",
        "CNH",
        "CNY",
        "COP",
        "CRC",
        "CUC",
        "CUP",
        "CVE",
        "CZK",
        "DJF",
        "DKK",
        "DOP",
        "DZD",
        "EGP",
        "ERN",
        "ETB",
        "EUR",
        "FJD",
        "FKP",
        "GBP",
        "GEL",
        "GGP",
        "GHS",
        "GIP",
        "GMD",
        "GNF",
        "GTQ",
        "GYD",
        "HKD",
        "HNL",
        "HRK",
        "HTG",
        "HUF",
        "IDR",
        "ILS",
        "IMP",
        "INR",
        "IQD",
        "IRR",
        "ISK",
        "JEP",
        "JMD",
        "JOD",
        "JPY",
        "KES",
        "KGS",
        "KHR",
        "KMF",
        "KPW",
        "KRW",
        "KWD",
        "KYD",
        "KZT",
        "LAK",
        "LBP",
        "LKR",
        "LRD",
        "LSL",
        "LYD",
        "MAD",
        "MDL",
        "MGA",
        "MKD",
        "MMK",
        "MNT",
        "MOP",
        "MRO",
        "MUR",
        "MVR",
        "MWK",
        "MXN",
        "MYR",
        "MZN",
        "NAD",
        "NGN",
        "NIO",
        "NOK",
        "NPR",
        "NZD",
        "OMR",
        "PAB",
        "PEN",
        "PGK",
        "PHP",
        "PKR",
        "PLN",
        "PYG",
        "QAR",
        "RON",
        "RSD",
        "RUB",
        "RWF",
        "SAR",
        "SBD",
        "SCR",
        "SDG",
        "SEK",
        "SGD",
        "SHP",
        "SLL",
        "SOS",
        "SRD",
        "SSP",
        "STD",
        "SVC",
        "SYP",
        "SZL",
        "THB",
        "TJS",
        "TMT",
        "TND",
        "TOP",
        "TRY",
        "TTD",
        "TWD",
        "TZS",
        "UAH",
        "UGX",
        "USD",
        "UYU",
        "UZS",
        "VES",
        "VND",
        "VUV",
        "WST",
        "XAF",
        "XAG",
        "XAU",
        "XCD",
        "XDR",
        "XOF",
        "XPD",
        "XPF",
        "XPT",
        "YER",
        "ZAR",
        "ZMW",
        "ZWL"
    ],
    "BitcoinVenezuela": [
        "ARS",
        "ETH",
        "EUR",
        "LTC",
        "USD",
        "VEF",
        "XMR"
    ],
    "Bitcointoyou": [
        "BRL"
    ],
    "Bitso": [
        "MXN"
    ],
    "Bitvalor": [
        "BRL"
    ],
    "BlockchainInfo": [
        "AUD",
        "BRL",
        "CAD",
        "CHF",
        "CLP",
        "CNY",
        "DKK",
        "EUR",
        "GBP",
        "HKD",
        "INR",
        "ISK",
        "JPY",
        "KRW",
        "NZD",
        "PLN",
        "RUB",
        "SEK",
        "SGD",
        "THB",
        "TWD",
        "USD"
    ],
    "Bylls": [
        "CAD"
    ],
    "CoinCap": [
        "USD"
    ],
    "CoinDesk": [
        "AED",
        "AFN",
        "ALL",
        "AMD",
        "ANG",
        "AOA",
        "ARS",
        "AUD",
        "AWG",
        "AZN",
        "BAM",
        "BBD",
        "BDT",
        "BGN",
        "BHD",
        "BIF",
        "BMD",
        "BND",
        "BOB",
        "BRL",
        "BSD",
        "BTC",
        "BTN",
        "BWP",
        "BYR",
        "BZD",
        "CAD",
        "CDF",
        "CHF",
        "CLF",
        "CLP",
        "CNY",
        "COP",
        "CRC",
        "CUP",
        "CVE",
        "CZK",
        "DJF",
        "DKK",
        "DOP",
        "DZD",
        "EEK",
        "EGP",
        "ERN",
        "ETB",
        "EUR",
        "FJD",
        "FKP",
        "GBP",
        "GEL",
        "GHS",
        "GIP",
        "GMD",
        "GNF",
        "GTQ",
        "GYD",
        "HKD",
        "HNL",
        "HRK",
        "HTG",
        "HUF",
        "IDR",
        "ILS",
        "INR",
        "IQD",
        "IRR",
        "ISK",
        "JEP",
        "JMD",
        "JOD",
        "JPY",
        "KES",
        "KGS",
        "KHR",
        "KMF",
        "KPW",
        "KRW",
        "KWD",
        "KYD",
        "KZT",
        "LAK",
        "LBP",
        "LKR",
        "LRD",
        "LSL",
        "LTL",
        "LVL",
        "LYD",
        "MAD",
        "MDL",
        "MGA",
        "MKD",
        "MMK",
        "MNT",
        "MOP",
        "MRO",
        "MTL",
        "MUR",
        "MVR",
        "MWK",
        "MXN",
        "MYR",
        "MZN",
        "NAD",
        "NGN",
        "NIO",
        "NOK",
        "NPR",
        "NZD",
        "OMR",
        "PAB",
        "PEN",
        "PGK",
        "PHP",
        "PKR",
        "PLN",
        "PYG",
        "QAR",
        "RON",
        "RSD",
        "RUB",
        "RWF",
        "SAR",
        "SBD",
        "SCR",
        "SDG",
        "SEK",
        "SGD",
        "SHP",
        "SLL",
        "SOS",
        "SRD",
        "STD",
        "SVC",
        "SYP",
        "SZL",
        "THB",
        "TJS",
        "TMT",
        "TND",
        "TOP",
        "TRY",
        "TTD",
        "TWD",
        "TZS",
        "UAH",
        "UGX",
        "USD",
        "UYU",
        "UZS",
        "VEF",
        "VND",
        "VUV",
        "WST",
        "XAF",
        "XAG",
        "XAU",
        "XBT",
        "XCD",
        "XDR",
        "XOF",
        "XPF",
        "YER",
        "ZAR",
        "ZMK",
        "ZMW",
        "ZWL"
    ],
    "CoinGecko": [
        "AED",
        "ARS",
        "AUD",
        "BCH",
        "BDT",
        "BHD",
        "BMD",
        "BNB",
        "BRL",
        "BTC",
        "CAD",
        "CHF",
        "CLP",
        "CNY",
        "CZK",
        "DKK",
        "EOS",
        "ETH",
        "EUR",
        "GBP",
        "HKD",
        "HUF",
        "IDR",
        "ILS",
        "INR",
        "JPY",
        "KRW",
        "KWD",
        "LKR",
        "LTC",
        "MMK",
        "MXN",
        "MYR",
        "NOK",
        "NZD",
        "PHP",
        "PKR",
        "PLN",
        "RUB",
        "SAR",
        "SEK",
        "SGD",
        "THB",
        "TRY",
        "TWD",
        "USD",
        "VEF",
        "VND",
        "XAG",
        "XAU",
        "XDR",
        "XLM",
        "XRP",
        "ZAR"
    ],
    "Coinbase": [
        "AED",
        "AFN",
        "ALL",
        "AMD",
        "ANG",
        "AOA",
        "ARS",
        "AUD",
        "AWG",
        "AZN",
        "BAM",
        "BAT",
        "BBD",
        "BCH",
        "BDT",
        "BGN",
        "BHD",
        "BIF",
        "BMD",
        "BND",
        "BOB",
        "BRL",
        "BSD",
        "BSV",
        "BTC",
        "BTN",
        "BWP",
        "BYN",
        "BYR",
        "BZD",
        "CAD",
        "CDF",
        "CHF",
        "CLF",
        "CLP",
        "CNH",
        "CNY",
        "COP",
        "CRC",
        "CUC",
        "CVE",
        "CZK",
        "DJF",
        "DKK",
        "DOP",
        "DZD",
        "EEK",
        "EGP",
        "ERN",
        "ETB",
        "ETC",
        "ETH",
        "EUR",
        "FJD",
        "FKP",
        "GBP",
        "GEL",
        "GGP",
        "GHS",
        "GIP",
        "GMD",
        "GNF",
        "GTQ",
        "GYD",
        "HKD",
        "HNL",
        "HRK",
        "HTG",
        "HUF",
        "IDR",
        "ILS",
        "IMP",
        "INR",
        "IQD",
        "ISK",
        "JEP",
        "JMD",
        "JOD",
        "JPY",
        "KES",
        "KGS",
        "KHR",
        "KMF",
        "KRW",
        "KWD",
        "KYD",
        "KZT",
        "LAK",
        "LBP",
        "LKR",
        "LRD",
        "LSL",
        "LTC",
        "LTL",
        "LVL",
        "LYD",
        "MAD",
        "MDL",
        "MGA",
        "MKD",
        "MMK",
        "MNT",
        "MOP",
        "MRO",
        "MTL",
        "MUR",
        "MVR",
        "MWK",
        "MXN",
        "MYR",
        "MZN",
        "NAD",
        "NGN",
        "NIO",
        "NOK",
        "NPR",
        "NZD",
        "OMR",
        "PAB",
        "PEN",
        "PGK",
        "PHP",
        "PKR",
        "PLN",
        "PYG",
        "QAR",
        "RON",
        "RSD",
        "RUB",
        "RWF",
        "SAR",
        "SBD",
        "SCR",
        "SEK",
        "SGD",
        "SHP",
        "SLL",
        "SOS",
        "SRD",
        "SSP",
        "STD",
        "SVC",
        "SZL",
        "THB",
        "TJS",
        "TMT",
        "TND",
        "TOP",
        "TRY",
        "TTD",
        "TWD",
        "TZS",
        "UAH",
        "UGX",
        "USD",
        "UYU",
        "UZS",
        "VEF",
        "VND",
        "VUV",
        "WST",
        "XAF",
        "XAG",
        "XAU",
        "XCD",
        "XDR",
        "XOF",
        "XPD",
        "XPF",
        "XPT",
        "YER",
        "ZAR",
        "ZEC",
        "ZMK",
        "ZMW",
        "ZRX",
        "ZWL"
    ],
    "CointraderMonitor": [
        "BRL"
    ],
    "Kraken": [
        "CAD",
        "EUR",
        "GBP",
        "JPY",
        "USD"
    ],
    "LocalBitcoins": [
        "AED",
        "ARS",
        "AUD",
        "BAM",
        "BDT",
        "BGN",
        "BOB",
        "BRL",
        "BWP",
        "BYN",
        "CAD",
        "CHF",
        "CLP",
        "CNY",
        "COP",
        "CRC",
        "CZK",
        "DKK",
        "DOP",
        "EGP",
        "ETH",
        "EUR",
        "GBP",
        "GEL",
        "GHS",
        "GTQ",
        "HKD",
        "HNL",
        "HRK",
        "HUF",
        "IDR",
        "ILS",
        "INR",
        "IRR",
        "JOD",
        "JPY",
        "KES",
        "KRW",
        "KZT",
        "LKR",
        "LTC",
        "MAD",
        "MXN",
        "MYR",
        "NGN",
        "NOK",
        "NZD",
        "OMR",
        "PAB",
        "PEN",
        "PHP",
        "PKR",
        "PLN",
        "QAR",
        "RON",
        "RSD",
        "RUB",
        "RWF",
        "SAR",
        "SEK",
        "SGD",
        "SZL",
        "THB",
        "TRY",
        "TTD",
        "TWD",
        "TZS",
        "UAH",
        "UGX",
        "USD",
        "UYU",
        "VES",
        "VND",
        "XAF",
        "XMR",
        "XRP",
        "ZAR"
    ],
    "MercadoBitcoin": [
        "BRL"
    ],
    "TheRockTrading": [
        "EUR"
    ],
    "Zaif": [
        "JPY"
    ],
    "itBit": [],
    "Bitragem": [
        "BRL"
    ],
    "Biscoint": [
        "BRL"
    ],
    "Walltime": [
        "BRL"
    ]
}
